x-axis,1
second,Volt
-2.21800E+00,+9.02E-03
-2.21700E+00,+11.80E-03
-2.21600E+00,+13.04E-03
-2.21500E+00,+11.50E-03
-2.21400E+00,+16.45E-03
-2.21300E+00,+17.06E-03
-2.21200E+00,+17.06E-03
-2.21100E+00,+14.89E-03
-2.21000E+00,+13.96E-03
-2.20900E+00,+9.02E-03
-2.20800E+00,+16.12E-03
-2.20700E+00,+11.17E-03
-2.20600E+00,+10.59E-03
-2.20500E+00,+13.04E-03
-2.20400E+00,+8.39E-03
-2.20300E+00,+7.46E-03
-2.20200E+00,+9.02E-03
-2.20100E+00,+13.04E-03
-2.20000E+00,+9.35E-03
-2.19900E+00,+14.30E-03
-2.19800E+00,+17.06E-03
-2.19700E+00,+12.13E-03
-2.19600E+00,+13.06E-03
-2.19500E+00,+9.02E-03
-2.19400E+00,+13.04E-03
-2.19300E+00,+11.45E-03
-2.19200E+00,+5.28E-03
-2.19100E+00,+13.04E-03
-2.19000E+00,+10.59E-03
-2.18900E+00,+15.54E-03
-2.18800E+00,+9.02E-03
-2.18700E+00,+12.70E-03
-2.18600E+00,+11.77E-03
-2.18500E+00,+10.84E-03
-2.18400E+00,+8.12E-03
-2.18300E+00,+9.05E-03
-2.18200E+00,+13.04E-03
-2.18100E+00,+15.17E-03
-2.18000E+00,+17.06E-03
-2.17900E+00,+16.52E-03
-2.17800E+00,+9.02E-03
-2.17700E+00,+15.48E-03
-2.17600E+00,+12.03E-03
-2.17500E+00,+10.18E-03
-2.17400E+00,+5.35E-03
-2.17300E+00,+10.30E-03
-2.17200E+00,+17.06E-03
-2.17100E+00,+14.41E-03
-2.17000E+00,+12.99E-03
-2.16900E+00,+12.07E-03
-2.16800E+00,+11.14E-03
-2.16700E+00,+19.89E-03
-2.16600E+00,+17.06E-03
-2.16500E+00,+13.04E-03
-2.16400E+00,+10.62E-03
-2.16300E+00,+15.57E-03
-2.16200E+00,+13.61E-03
-2.16100E+00,+9.02E-03
-2.16000E+00,+7.73E-03
-2.15900E+00,+10.82E-03
-2.15800E+00,+9.89E-03
-2.15700E+00,+12.98E-03
-2.15600E+00,+13.04E-03
-2.15500E+00,+11.13E-03
-2.15400E+00,+11.86E-03
-2.15300E+00,+16.56E-03
-2.15200E+00,+12.36E-03
-2.15100E+00,+10.63E-03
-2.15000E+00,+11.56E-03
-2.14900E+00,+13.04E-03
-2.14800E+00,+9.39E-03
-2.14700E+00,+13.04E-03
-2.14600E+00,+10.81E-03
-2.14500E+00,+12.18E-03
-2.14400E+00,+9.16E-03
-2.14300E+00,+10.02E-03
-2.14200E+00,+9.19E-03
-2.14100E+00,+11.88E-03
-2.14000E+00,+13.04E-03
-2.13900E+00,+13.04E-03
-2.13800E+00,+11.42E-03
-2.13700E+00,+11.57E-03
-2.13600E+00,+17.06E-03
-2.13500E+00,+9.41E-03
-2.13400E+00,+14.36E-03
-2.13300E+00,+11.26E-03
-2.13200E+00,+12.19E-03
-2.13100E+00,+16.98E-03
-2.13000E+00,+12.03E-03
-2.12900E+00,+13.04E-03
-2.12800E+00,+13.04E-03
-2.12700E+00,+13.04E-03
-2.12600E+00,+13.04E-03
-2.12500E+00,+10.65E-03
-2.12400E+00,+13.04E-03
-2.12300E+00,+16.53E-03
-2.12200E+00,+1.38E-03
-2.12100E+00,+13.04E-03
-2.12000E+00,+15.30E-03
-2.11900E+00,+13.88E-03
-2.11800E+00,+8.83E-03
-2.11700E+00,+5.00E-03
-2.11600E+00,+11.09E-03
-2.11500E+00,+13.04E-03
-2.11400E+00,+13.46E-03
-2.11300E+00,+11.61E-03
-2.11200E+00,+13.04E-03
-2.11100E+00,+15.61E-03
-2.11000E+00,+12.52E-03
-2.10900E+00,+13.04E-03
-2.10800E+00,+11.70E-03
-2.10700E+00,+12.52E-03
-2.10600E+00,+13.04E-03
-2.10500E+00,+12.93E-03
-2.10400E+00,+9.02E-03
-2.10300E+00,+11.08E-03
-2.10200E+00,+9.02E-03
-2.10100E+00,+9.02E-03
-2.10000E+00,+13.04E-03
-2.09900E+00,+15.40E-03
-2.09800E+00,+11.61E-03
-2.09700E+00,+13.04E-03
-2.09600E+00,+16.64E-03
-2.09500E+00,+9.06E-03
-2.09400E+00,+13.04E-03
-2.09300E+00,+9.83E-03
-2.09200E+00,+13.16E-03
-2.09100E+00,+6.05E-03
-2.09000E+00,+9.02E-03
-2.08900E+00,+10.14E-03
-2.08800E+00,+9.02E-03
-2.08700E+00,+9.76E-03
-2.08600E+00,+15.39E-03
-2.08500E+00,+14.22E-03
-2.08400E+00,+5.99E-03
-2.08300E+00,+16.63E-03
-2.08200E+00,+6.36E-03
-2.08100E+00,+10.75E-03
-2.08000E+00,+12.24E-03
-2.07900E+00,+12.91E-03
-2.07800E+00,+6.06E-03
-2.07700E+00,+13.09E-03
-2.07600E+00,+6.10E-03
-2.07500E+00,+17.06E-03
-2.07400E+00,+9.77E-03
-2.07300E+00,+9.02E-03
-2.07200E+00,+13.04E-03
-2.07100E+00,+13.04E-03
-2.07000E+00,+13.04E-03
-2.06900E+00,+15.68E-03
-2.06800E+00,+10.74E-03
-2.06700E+00,+4.21E-03
-2.06600E+00,+16.64E-03
-2.06500E+00,+10.09E-03
-2.06400E+00,+13.02E-03
-2.06300E+00,+7.93E-03
-2.06200E+00,+13.20E-03
-2.06100E+00,+14.77E-03
-2.06000E+00,+11.35E-03
-2.05900E+00,+14.44E-03
-2.05800E+00,+12.57E-03
-2.05700E+00,+10.40E-03
-2.05600E+00,+13.04E-03
-2.05500E+00,+15.36E-03
-2.05400E+00,+10.57E-03
-2.05300E+00,+13.04E-03
-2.05200E+00,+6.08E-03
-2.05100E+00,+7.01E-03
-2.05000E+00,+10.10E-03
-2.04900E+00,+12.74E-03
-2.04800E+00,+9.80E-03
-2.04700E+00,+11.94E-03
-2.04600E+00,+3.75E-03
-2.04500E+00,+9.93E-03
-2.04400E+00,+21.55E-03
-2.04300E+00,+26.32E-03
-2.04200E+00,+24.46E-03
-2.04100E+00,+161.02E-03
-2.04000E+00,+153.91E-03
-2.03900E+00,+147.89E-03
-2.03800E+00,+149.72E-03
-2.03700E+00,+154.56E-03
-2.03600E+00,+145.84E-03
-2.03500E+00,+153.74E-03
-2.03400E+00,+157.76E-03
-2.03300E+00,+149.72E-03
-2.03200E+00,+156.87E-03
-2.03100E+00,+152.78E-03
-2.03000E+00,+153.74E-03
-2.02900E+00,+151.40E-03
-2.02800E+00,+146.45E-03
-2.02700E+00,+157.23E-03
-2.02600E+00,+158.46E-03
-2.02500E+00,+147.74E-03
-2.02400E+00,+158.82E-03
-2.02300E+00,+153.87E-03
-2.02200E+00,+151.33E-03
-2.02100E+00,+152.01E-03
-2.02000E+00,+157.76E-03
-2.01900E+00,+157.33E-03
-2.01800E+00,+154.24E-03
-2.01700E+00,+152.57E-03
-2.01600E+00,+148.06E-03
-2.01500E+00,+156.29E-03
-2.01400E+00,+157.19E-03
-2.01300E+00,+153.74E-03
-2.01200E+00,+155.72E-03
-2.01100E+00,+149.72E-03
-2.01000E+00,+141.91E-03
-2.00900E+00,+153.74E-03
-2.00800E+00,+156.02E-03
-2.00700E+00,+155.09E-03
-2.00600E+00,+157.34E-03
-2.00500E+00,+146.72E-03
-2.00400E+00,+153.74E-03
-2.00300E+00,+151.38E-03
-2.00200E+00,+151.18E-03
-2.00100E+00,+152.94E-03
-2.00000E+00,+147.46E-03
-1.99900E+00,+151.68E-03
-1.99800E+00,+154.78E-03
-1.99700E+00,+153.95E-03
-1.99600E+00,+153.74E-03
-1.99500E+00,+151.48E-03
-1.99400E+00,+151.06E-03
-1.99300E+00,+150.13E-03
-1.99200E+00,+157.24E-03
-1.99100E+00,+155.19E-03
-1.99000E+00,+154.48E-03
-1.98900E+00,+149.01E-03
-1.98800E+00,+149.72E-03
-1.98700E+00,+151.46E-03
-1.98600E+00,+155.69E-03
-1.98500E+00,+149.72E-03
-1.98400E+00,+149.72E-03
-1.98300E+00,+148.22E-03
-1.98200E+00,+153.74E-03
-1.98100E+00,+152.42E-03
-1.98000E+00,+152.95E-03
-1.97900E+00,+149.72E-03
-1.97800E+00,+149.72E-03
-1.97700E+00,+157.01E-03
-1.97600E+00,+149.72E-03
-1.97500E+00,+146.16E-03
-1.97400E+00,+150.88E-03
-1.97300E+00,+151.66E-03
-1.97200E+00,+156.76E-03
-1.97100E+00,+153.82E-03
-1.97000E+00,+146.55E-03
-1.96900E+00,+151.97E-03
-1.96800E+00,+153.74E-03
-1.96700E+00,+160.63E-03
-1.96600E+00,+153.74E-03
-1.96500E+00,+153.35E-03
-1.96400E+00,+158.55E-03
-1.96300E+00,+153.05E-03
-1.96200E+00,+149.49E-03
-1.96100E+00,+154.91E-03
-1.96000E+00,+151.99E-03
-1.95900E+00,+150.72E-03
-1.95800E+00,+149.72E-03
-1.95700E+00,+146.56E-03
-1.95600E+00,+151.95E-03
-1.95500E+00,+153.74E-03
-1.95400E+00,+153.37E-03
-1.95300E+00,+146.26E-03
-1.95200E+00,+151.21E-03
-1.95100E+00,+151.33E-03
-1.95000E+00,+151.71E-03
-1.94900E+00,+153.49E-03
-1.94800E+00,+155.41E-03
-1.94700E+00,+153.74E-03
-1.94600E+00,+149.72E-03
-1.94500E+00,+153.74E-03
-1.94400E+00,+155.14E-03
-1.94300E+00,+153.74E-03
-1.94200E+00,+149.72E-03
-1.94100E+00,+149.72E-03
-1.94000E+00,+150.29E-03
-1.93900E+00,+153.74E-03
-1.93800E+00,+151.32E-03
-1.93700E+00,+157.10E-03
-1.93600E+00,+149.72E-03
-1.93500E+00,+156.57E-03
-1.93400E+00,+149.72E-03
-1.93300E+00,+154.72E-03
-1.93200E+00,+149.72E-03
-1.93100E+00,+154.63E-03
-1.93000E+00,+154.14E-03
-1.92900E+00,+151.00E-03
-1.92800E+00,+153.74E-03
-1.92700E+00,+157.76E-03
-1.92600E+00,+150.73E-03
-1.92500E+00,+148.87E-03
-1.92400E+00,+154.40E-03
-1.92300E+00,+160.96E-03
-1.92200E+00,+154.95E-03
-1.92100E+00,+153.74E-03
-1.92000E+00,+156.80E-03
-1.91900E+00,+149.79E-03
-1.91800E+00,+155.97E-03
-1.91700E+00,+153.38E-03
-1.91600E+00,+149.72E-03
-1.91500E+00,+146.04E-03
-1.91400E+00,+156.58E-03
-1.91300E+00,+151.24E-03
-1.91200E+00,+148.15E-03
-1.91100E+00,+157.76E-03
-1.91000E+00,+145.99E-03
-1.90900E+00,+148.13E-03
-1.90800E+00,+153.74E-03
-1.90700E+00,+156.82E-03
-1.90600E+00,+153.74E-03
-1.90500E+00,+148.43E-03
-1.90400E+00,+155.58E-03
-1.90300E+00,+150.98E-03
-1.90200E+00,+153.74E-03
-1.90100E+00,+153.14E-03
-1.90000E+00,+152.21E-03
-1.89900E+00,+152.84E-03
-1.89800E+00,+156.50E-03
-1.89700E+00,+153.74E-03
-1.89600E+00,+154.97E-03
-1.89500E+00,+149.43E-03
-1.89400E+00,+152.81E-03
-1.89300E+00,+157.76E-03
-1.89200E+00,+150.65E-03
-1.89100E+00,+147.87E-03
-1.89000E+00,+149.72E-03
-1.88900E+00,+153.43E-03
-1.88800E+00,+153.13E-03
-1.88700E+00,+156.22E-03
-1.88600E+00,+156.22E-03
-1.88500E+00,+146.94E-03
-1.88400E+00,+153.43E-03
-1.88300E+00,+150.96E-03
-1.88200E+00,+155.91E-03
-1.88100E+00,+149.72E-03
-1.88000E+00,+149.71E-03
-1.87900E+00,+148.79E-03
-1.87800E+00,+149.72E-03
-1.87700E+00,+152.51E-03
-1.87600E+00,+149.72E-03
-1.87500E+00,+146.96E-03
-1.87400E+00,+156.21E-03
-1.87300E+00,+148.77E-03
-1.87200E+00,+149.12E-03
-1.87100E+00,+146.35E-03
-1.87000E+00,+149.72E-03
-1.86900E+00,+153.74E-03
-1.86800E+00,+151.92E-03
-1.86700E+00,+149.72E-03
-1.86600E+00,+155.87E-03
-1.86500E+00,+153.74E-03
-1.86400E+00,+154.96E-03
-1.86300E+00,+157.19E-03
-1.86200E+00,+146.34E-03
-1.86100E+00,+149.72E-03
-1.86000E+00,+151.25E-03
-1.85900E+00,+154.34E-03
-1.85800E+00,+157.09E-03
-1.85700E+00,+148.46E-03
-1.85600E+00,+159.59E-03
-1.85500E+00,+156.86E-03
-1.85400E+00,+149.72E-03
-1.85300E+00,+156.81E-03
-1.85200E+00,+151.61E-03
-1.85100E+00,+156.56E-03
-1.85000E+00,+153.74E-03
-1.84900E+00,+156.46E-03
-1.84800E+00,+153.74E-03
-1.84700E+00,+153.74E-03
-1.84600E+00,+149.72E-03
-1.84500E+00,+150.07E-03
-1.84400E+00,+151.00E-03
-1.84300E+00,+151.93E-03
-1.84200E+00,+151.50E-03
-1.84100E+00,+153.74E-03
-1.84000E+00,+150.69E-03
-1.83900E+00,+149.50E-03
-1.83800E+00,+149.72E-03
-1.83700E+00,+153.74E-03
-1.83600E+00,+149.06E-03
-1.83500E+00,+155.34E-03
-1.83400E+00,+148.70E-03
-1.83300E+00,+152.60E-03
-1.83200E+00,+142.76E-03
-1.83100E+00,+152.46E-03
-1.83000E+00,+153.33E-03
-1.82900E+00,+152.87E-03
-1.82800E+00,+157.76E-03
-1.82700E+00,+149.72E-03
-1.82600E+00,+151.63E-03
-1.82500E+00,+149.72E-03
-1.82400E+00,+153.74E-03
-1.82300E+00,+156.41E-03
-1.82200E+00,+149.72E-03
-1.82100E+00,+148.68E-03
-1.82000E+00,+149.17E-03
-1.81900E+00,+149.72E-03
-1.81800E+00,+155.16E-03
-1.81700E+00,+155.97E-03
-1.81600E+00,+146.57E-03
-1.81500E+00,+145.77E-03
-1.81400E+00,+147.69E-03
-1.81300E+00,+153.92E-03
-1.81200E+00,+156.59E-03
-1.81100E+00,+149.72E-03
-1.81000E+00,+150.41E-03
-1.80900E+00,+148.94E-03
-1.80800E+00,+149.72E-03
-1.80700E+00,+153.74E-03
-1.80600E+00,+152.98E-03
-1.80500E+00,+152.43E-03
-1.80400E+00,+155.52E-03
-1.80300E+00,+152.89E-03
-1.80200E+00,+153.74E-03
-1.80100E+00,+150.73E-03
-1.80000E+00,+155.68E-03
-1.79900E+00,+152.59E-03
-1.79800E+00,+149.72E-03
-1.79700E+00,+157.06E-03
-1.79600E+00,+152.11E-03
-1.79500E+00,+152.65E-03
-1.79400E+00,+150.26E-03
-1.79300E+00,+156.97E-03
-1.79200E+00,+148.40E-03
-1.79100E+00,+149.72E-03
-1.79000E+00,+146.54E-03
-1.78900E+00,+149.81E-03
-1.78800E+00,+150.74E-03
-1.78700E+00,+153.87E-03
-1.78600E+00,+149.14E-03
-1.78500E+00,+157.33E-03
-1.78400E+00,+153.74E-03
-1.78300E+00,+149.72E-03
-1.78200E+00,+152.29E-03
-1.78100E+00,+153.22E-03
-1.78000E+00,+157.36E-03
-1.77900E+00,+153.74E-03
-1.77800E+00,+151.48E-03
-1.77700E+00,+146.53E-03
-1.77600E+00,+153.85E-03
-1.77500E+00,+144.77E-03
-1.77400E+00,+157.76E-03
-1.77300E+00,+151.99E-03
-1.77200E+00,+157.56E-03
-1.77100E+00,+153.74E-03
-1.77000E+00,+152.09E-03
-1.76900E+00,+153.74E-03
-1.76800E+00,+150.23E-03
-1.76700E+00,+145.28E-03
-1.76600E+00,+151.07E-03
-1.76500E+00,+147.45E-03
-1.76400E+00,+149.72E-03
-1.76300E+00,+157.65E-03
-1.76200E+00,+149.72E-03
-1.76100E+00,+153.74E-03
-1.76000E+00,+156.64E-03
-1.75900E+00,+149.72E-03
-1.75800E+00,+153.74E-03
-1.75700E+00,+149.72E-03
-1.75600E+00,+149.72E-03
-1.75500E+00,+150.22E-03
-1.75400E+00,+153.31E-03
-1.75300E+00,+149.72E-03
-1.75200E+00,+149.72E-03
-1.75100E+00,+156.96E-03
-1.75000E+00,+149.72E-03
-1.74900E+00,+154.80E-03
-1.74800E+00,+151.71E-03
-1.74700E+00,+150.83E-03
-1.74600E+00,+149.90E-03
-1.74500E+00,+150.47E-03
-1.74400E+00,+152.73E-03
-1.74300E+00,+152.33E-03
-1.74200E+00,+142.17E-03
-1.74100E+00,+146.15E-03
-1.74000E+00,+148.45E-03
-1.73900E+00,+154.32E-03
-1.73800E+00,+150.51E-03
-1.73700E+00,+157.76E-03
-1.73600E+00,+152.68E-03
-1.73500E+00,+155.74E-03
-1.73400E+00,+158.49E-03
-1.73300E+00,+153.91E-03
-1.73200E+00,+150.48E-03
-1.73100E+00,+152.05E-03
-1.73000E+00,+152.53E-03
-1.72900E+00,+150.20E-03
-1.72800E+00,+152.83E-03
-1.72700E+00,+155.13E-03
-1.72600E+00,+155.45E-03
-1.72500E+00,+150.50E-03
-1.72400E+00,+157.46E-03
-1.72300E+00,+156.69E-03
-1.72200E+00,+151.73E-03
-1.72100E+00,+156.68E-03
-1.72000E+00,+145.86E-03
-1.71900E+00,+153.74E-03
-1.71800E+00,+153.74E-03
-1.71700E+00,+153.74E-03
-1.71600E+00,+152.82E-03
-1.71500E+00,+156.83E-03
-1.71400E+00,+150.95E-03
-1.71300E+00,+151.42E-03
-1.71200E+00,+152.98E-03
-1.71100E+00,+157.76E-03
-1.71000E+00,+153.74E-03
-1.70900E+00,+159.76E-03
-1.70800E+00,+149.72E-03
-1.70700E+00,+146.13E-03
-1.70600E+00,+153.74E-03
-1.70500E+00,+153.74E-03
-1.70400E+00,+155.01E-03
-1.70300E+00,+153.74E-03
-1.70200E+00,+154.22E-03
-1.70100E+00,+147.11E-03
-1.70000E+00,+155.43E-03
-1.69900E+00,+146.46E-03
-1.69800E+00,+153.57E-03
-1.69700E+00,+150.83E-03
-1.69600E+00,+151.71E-03
-1.69500E+00,+152.68E-03
-1.69400E+00,+153.61E-03
-1.69300E+00,+149.72E-03
-1.69200E+00,+153.17E-03
-1.69100E+00,+156.40E-03
-1.69000E+00,+153.31E-03
-1.68900E+00,+150.71E-03
-1.68800E+00,+154.92E-03
-1.68700E+00,+147.37E-03
-1.68600E+00,+153.74E-03
-1.68500E+00,+153.74E-03
-1.68400E+00,+146.82E-03
-1.68300E+00,+151.77E-03
-1.68200E+00,+155.67E-03
-1.68100E+00,+149.96E-03
-1.68000E+00,+149.72E-03
-1.67900E+00,+156.03E-03
-1.67800E+00,+151.08E-03
-1.67700E+00,+153.74E-03
-1.67600E+00,+153.74E-03
-1.67500E+00,+152.31E-03
-1.67400E+00,+150.43E-03
-1.67300E+00,+149.72E-03
-1.67200E+00,+157.57E-03
-1.67100E+00,+155.51E-03
-1.67000E+00,+151.69E-03
-1.66900E+00,+148.81E-03
-1.66800E+00,+149.94E-03
-1.66700E+00,+153.74E-03
-1.66600E+00,+151.47E-03
-1.66500E+00,+149.72E-03
-1.66400E+00,+153.74E-03
-1.66300E+00,+153.23E-03
-1.66200E+00,+152.30E-03
-1.66100E+00,+151.37E-03
-1.66000E+00,+149.01E-03
-1.65900E+00,+149.93E-03
-1.65800E+00,+154.88E-03
-1.65700E+00,+155.81E-03
-1.65600E+00,+146.73E-03
-1.65500E+00,+145.89E-03
-1.65400E+00,+154.58E-03
-1.65300E+00,+153.74E-03
-1.65200E+00,+151.05E-03
-1.65100E+00,+150.12E-03
-1.65000E+00,+157.24E-03
-1.64900E+00,+145.35E-03
-1.64800E+00,+150.47E-03
-1.64700E+00,+157.06E-03
-1.64600E+00,+153.52E-03
-1.64500E+00,+152.59E-03
-1.64400E+00,+151.66E-03
-1.64300E+00,+152.73E-03
-1.64200E+00,+157.60E-03
-1.64100E+00,+151.41E-03
-1.64000E+00,+149.72E-03
-1.63900E+00,+152.43E-03
-1.63800E+00,+153.35E-03
-1.63700E+00,+149.18E-03
-1.63600E+00,+151.19E-03
-1.63500E+00,+149.72E-03
-1.63400E+00,+153.05E-03
-1.63300E+00,+157.30E-03
-1.63200E+00,+155.44E-03
-1.63100E+00,+157.93E-03
-1.63000E+00,+151.72E-03
-1.62900E+00,+149.72E-03
-1.62800E+00,+150.58E-03
-1.62700E+00,+147.49E-03
-1.62600E+00,+153.74E-03
-1.62500E+00,+157.39E-03
-1.62400E+00,+149.17E-03
-1.62300E+00,+155.22E-03
-1.62200E+00,+152.13E-03
-1.62100E+00,+153.06E-03
-1.62000E+00,+153.74E-03
-1.61900E+00,+145.70E-03
-1.61800E+00,+149.54E-03
-1.61700E+00,+149.72E-03
-1.61600E+00,+157.65E-03
-1.61500E+00,+152.01E-03
-1.61400E+00,+153.74E-03
-1.61300E+00,+153.74E-03
-1.61200E+00,+150.45E-03
-1.61100E+00,+153.18E-03
-1.61000E+00,+148.69E-03
-1.60900E+00,+152.92E-03
-1.60800E+00,+153.74E-03
-1.60700E+00,+153.74E-03
-1.60600E+00,+147.62E-03
-1.60500E+00,+153.74E-03
-1.60400E+00,+150.70E-03
-1.60300E+00,+157.62E-03
-1.60200E+00,+152.86E-03
-1.60100E+00,+151.53E-03
-1.60000E+00,+152.46E-03
-1.59900E+00,+150.08E-03
-1.59800E+00,+150.30E-03
-1.59700E+00,+152.24E-03
-1.59600E+00,+155.33E-03
-1.59500E+00,+149.72E-03
-1.59400E+00,+153.20E-03
-1.59300E+00,+150.92E-03
-1.59200E+00,+157.76E-03
-1.59100E+00,+154.71E-03
-1.59000E+00,+157.73E-03
-1.58900E+00,+152.85E-03
-1.58800E+00,+150.10E-03
-1.58700E+00,+149.72E-03
-1.58600E+00,+146.73E-03
-1.58500E+00,+157.18E-03
-1.58400E+00,+153.74E-03
-1.58300E+00,+153.74E-03
-1.58200E+00,+150.37E-03
-1.58100E+00,+150.01E-03
-1.58000E+00,+155.34E-03
-1.57900E+00,+151.86E-03
-1.57800E+00,+153.74E-03
-1.57700E+00,+145.73E-03
-1.57600E+00,+143.49E-03
-1.57500E+00,+155.93E-03
-1.57400E+00,+153.74E-03
-1.57300E+00,+154.07E-03
-1.57200E+00,+153.74E-03
-1.57100E+00,+153.18E-03
-1.57000E+00,+151.29E-03
-1.56900E+00,+149.09E-03
-1.56800E+00,+153.45E-03
-1.56700E+00,+150.95E-03
-1.56600E+00,+154.03E-03
-1.56500E+00,+146.64E-03
-1.56400E+00,+149.71E-03
-1.56300E+00,+149.72E-03
-1.56200E+00,+155.59E-03
-1.56100E+00,+153.74E-03
-1.56000E+00,+150.04E-03
-1.55900E+00,+157.15E-03
-1.55800E+00,+152.20E-03
-1.55700E+00,+153.11E-03
-1.55600E+00,+149.72E-03
-1.55500E+00,+157.46E-03
-1.55400E+00,+149.72E-03
-1.55300E+00,+147.56E-03
-1.55200E+00,+157.76E-03
-1.55100E+00,+149.72E-03
-1.55000E+00,+153.74E-03
-1.54900E+00,+151.89E-03
-1.54800E+00,+155.30E-03
-1.54700E+00,+150.03E-03
-1.54600E+00,+143.56E-03
-1.54500E+00,+150.36E-03
-1.54400E+00,+150.32E-03
-1.54300E+00,+153.13E-03
-1.54200E+00,+153.74E-03
-1.54100E+00,+149.72E-03
-1.54000E+00,+156.25E-03
-1.53900E+00,+150.64E-03
-1.53800E+00,+153.73E-03
-1.53700E+00,+150.67E-03
-1.53600E+00,+151.87E-03
-1.53500E+00,+151.30E-03
-1.53400E+00,+153.74E-03
-1.53300E+00,+150.36E-03
-1.53200E+00,+148.83E-03
-1.53100E+00,+148.76E-03
-1.53000E+00,+149.72E-03
-1.52900E+00,+157.43E-03
-1.52800E+00,+155.00E-03
-1.52700E+00,+151.56E-03
-1.52600E+00,+153.74E-03
-1.52500E+00,+157.69E-03
-1.52400E+00,+155.65E-03
-1.52300E+00,+155.88E-03
-1.52200E+00,+150.93E-03
-1.52100E+00,+153.74E-03
-1.52000E+00,+149.72E-03
-1.51900E+00,+150.59E-03
-1.51800E+00,+156.25E-03
-1.51700E+00,+146.29E-03
-1.51600E+00,+153.74E-03
-1.51500E+00,+157.76E-03
-1.51400E+00,+155.56E-03
-1.51300E+00,+155.09E-03
-1.51200E+00,+149.72E-03
-1.51100E+00,+155.68E-03
-1.51000E+00,+147.60E-03
-1.50900E+00,+148.10E-03
-1.50800E+00,+157.76E-03
-1.50700E+00,+152.42E-03
-1.50600E+00,+152.15E-03
-1.50500E+00,+144.69E-03
-1.50400E+00,+154.32E-03
-1.50300E+00,+153.74E-03
-1.50200E+00,+153.74E-03
-1.50100E+00,+153.74E-03
-1.50000E+00,+160.90E-03
-1.49900E+00,+153.79E-03
-1.49800E+00,+147.66E-03
-1.49700E+00,+153.74E-03
-1.49600E+00,+153.74E-03
-1.49500E+00,+153.74E-03
-1.49400E+00,+154.42E-03
-1.49300E+00,+153.74E-03
-1.49200E+00,+156.27E-03
-1.49100E+00,+150.29E-03
-1.49000E+00,+153.38E-03
-1.48900E+00,+149.72E-03
-1.48800E+00,+150.15E-03
-1.48700E+00,+153.74E-03
-1.48600E+00,+149.78E-03
-1.48500E+00,+146.69E-03
-1.48400E+00,+153.38E-03
-1.48300E+00,+155.42E-03
-1.48200E+00,+157.52E-03
-1.48100E+00,+157.08E-03
-1.48000E+00,+148.11E-03
-1.47900E+00,+157.76E-03
-1.47800E+00,+153.74E-03
-1.47700E+00,+157.76E-03
-1.47600E+00,+153.74E-03
-1.47500E+00,+155.53E-03
-1.47400E+00,+152.89E-03
-1.47300E+00,+153.82E-03
-1.47200E+00,+152.74E-03
-1.47100E+00,+149.88E-03
-1.47000E+00,+146.86E-03
-1.46900E+00,+153.51E-03
-1.46800E+00,+150.42E-03
-1.46700E+00,+152.12E-03
-1.46600E+00,+151.19E-03
-1.46500E+00,+147.32E-03
-1.46400E+00,+153.35E-03
-1.46300E+00,+156.44E-03
-1.46200E+00,+149.72E-03
-1.46100E+00,+149.72E-03
-1.46000E+00,+157.68E-03
-1.45900E+00,+151.72E-03
-1.45800E+00,+155.82E-03
-1.45700E+00,+152.59E-03
-1.45600E+00,+149.94E-03
-1.45500E+00,+153.74E-03
-1.45400E+00,+151.36E-03
-1.45300E+00,+148.61E-03
-1.45200E+00,+153.74E-03
-1.45100E+00,+157.76E-03
-1.45000E+00,+145.70E-03
-1.44900E+00,+153.74E-03
-1.44800E+00,+147.37E-03
-1.44700E+00,+153.65E-03
-1.44600E+00,+148.70E-03
-1.44500E+00,+151.68E-03
-1.44400E+00,+151.47E-03
-1.44300E+00,+149.52E-03
-1.44200E+00,+157.04E-03
-1.44100E+00,+156.11E-03
-1.44000E+00,+153.74E-03
-1.43900E+00,+152.72E-03
-1.43800E+00,+154.16E-03
-1.43700E+00,+156.42E-03
-1.43600E+00,+153.22E-03
-1.43500E+00,+156.94E-03
-1.43400E+00,+149.83E-03
-1.43300E+00,+154.78E-03
-1.43200E+00,+155.80E-03
-1.43100E+00,+150.85E-03
-1.43000E+00,+153.74E-03
-1.42900E+00,+151.19E-03
-1.42800E+00,+153.74E-03
-1.42700E+00,+153.74E-03
-1.42600E+00,+153.74E-03
-1.42500E+00,+146.13E-03
-1.42400E+00,+155.10E-03
-1.42300E+00,+149.72E-03
-1.42200E+00,+149.72E-03
-1.42100E+00,+153.74E-03
-1.42000E+00,+153.74E-03
-1.41900E+00,+149.72E-03
-1.41800E+00,+151.95E-03
-1.41700E+00,+150.09E-03
-1.41600E+00,+156.27E-03
-1.41500E+00,+150.40E-03
-1.41400E+00,+156.35E-03
-1.41300E+00,+161.29E-03
-1.41200E+00,+153.74E-03
-1.41100E+00,+148.44E-03
-1.41000E+00,+153.74E-03
-1.40900E+00,+150.52E-03
-1.40800E+00,+153.74E-03
-1.40700E+00,+150.79E-03
-1.40600E+00,+151.75E-03
-1.40500E+00,+152.64E-03
-1.40400E+00,+153.57E-03
-1.40300E+00,+147.22E-03
-1.40200E+00,+150.76E-03
-1.40100E+00,+154.95E-03
-1.40000E+00,+149.72E-03
-1.39900E+00,+154.19E-03
-1.39800E+00,+155.00E-03
-1.39700E+00,+151.44E-03
-1.39600E+00,+159.44E-03
-1.39500E+00,+153.74E-03
-1.39400E+00,+151.87E-03
-1.39300E+00,+153.74E-03
-1.39200E+00,+151.57E-03
-1.39100E+00,+153.42E-03
-1.39000E+00,+154.51E-03
-1.38900E+00,+151.42E-03
-1.38800E+00,+149.72E-03
-1.38700E+00,+149.72E-03
-1.38600E+00,+149.72E-03
-1.38500E+00,+148.49E-03
-1.38400E+00,+153.74E-03
-1.38300E+00,+149.72E-03
-1.38200E+00,+157.61E-03
-1.38100E+00,+150.81E-03
-1.38000E+00,+153.74E-03
-1.37900E+00,+154.82E-03
-1.37800E+00,+153.89E-03
-1.37700E+00,+153.74E-03
-1.37600E+00,+152.64E-03
-1.37500E+00,+152.36E-03
-1.37400E+00,+153.74E-03
-1.37300E+00,+156.81E-03
-1.37200E+00,+152.34E-03
-1.37100E+00,+153.10E-03
-1.37000E+00,+156.25E-03
-1.36900E+00,+150.06E-03
-1.36800E+00,+153.74E-03
-1.36700E+00,+149.79E-03
-1.36600E+00,+153.74E-03
-1.36500E+00,+153.88E-03
-1.36400E+00,+157.76E-03
-1.36300E+00,+153.74E-03
-1.36200E+00,+149.81E-03
-1.36100E+00,+143.45E-03
-1.36000E+00,+152.77E-03
-1.35900E+00,+154.93E-03
-1.35800E+00,+154.41E-03
-1.35700E+00,+147.20E-03
-1.35600E+00,+157.40E-03
-1.35500E+00,+146.81E-03
-1.35400E+00,+155.78E-03
-1.35300E+00,+148.67E-03
-1.35200E+00,+149.85E-03
-1.35100E+00,+153.74E-03
-1.35000E+00,+150.28E-03
-1.34900E+00,+151.03E-03
-1.34800E+00,+156.91E-03
-1.34700E+00,+160.78E-03
-1.34600E+00,+152.32E-03
-1.34500E+00,+154.44E-03
-1.34400E+00,+160.31E-03
-1.34300E+00,+149.72E-03
-1.34200E+00,+155.52E-03
-1.34100E+00,+155.79E-03
-1.34000E+00,+153.74E-03
-1.33900E+00,+149.61E-03
-1.33800E+00,+154.56E-03
-1.33700E+00,+152.53E-03
-1.33600E+00,+155.09E-03
-1.33500E+00,+153.33E-03
-1.33400E+00,+156.74E-03
-1.33300E+00,+161.78E-03
-1.33200E+00,+153.74E-03
-1.33100E+00,+157.04E-03
-1.33000E+00,+153.95E-03
-1.32900E+00,+152.61E-03
-1.32800E+00,+153.74E-03
-1.32700E+00,+149.72E-03
-1.32600E+00,+153.74E-03
-1.32500E+00,+149.72E-03
-1.32400E+00,+156.01E-03
-1.32300E+00,+155.10E-03
-1.32200E+00,+142.49E-03
-1.32100E+00,+153.22E-03
-1.32000E+00,+154.08E-03
-1.31900E+00,+152.10E-03
-1.31800E+00,+153.03E-03
-1.31700E+00,+153.74E-03
-1.31600E+00,+152.60E-03
-1.31500E+00,+157.76E-03
-1.31400E+00,+149.72E-03
-1.31300E+00,+145.97E-03
-1.31200E+00,+149.07E-03
-1.31100E+00,+151.49E-03
-1.31000E+00,+160.46E-03
-1.30900E+00,+153.35E-03
-1.30800E+00,+160.71E-03
-1.30700E+00,+152.65E-03
-1.30600E+00,+155.37E-03
-1.30500E+00,+151.12E-03
-1.30400E+00,+149.72E-03
-1.30300E+00,+152.04E-03
-1.30200E+00,+153.74E-03
-1.30100E+00,+149.72E-03
-1.30000E+00,+153.52E-03
-1.29900E+00,+150.58E-03
-1.29800E+00,+149.72E-03
-1.29700E+00,+155.05E-03
-1.29600E+00,+153.36E-03
-1.29500E+00,+153.20E-03
-1.29400E+00,+153.33E-03
-1.29300E+00,+152.13E-03
-1.29200E+00,+150.41E-03
-1.29100E+00,+153.74E-03
-1.29000E+00,+152.57E-03
-1.28900E+00,+151.64E-03
-1.28800E+00,+156.77E-03
-1.28700E+00,+153.74E-03
-1.28600E+00,+151.45E-03
-1.28500E+00,+155.54E-03
-1.28400E+00,+142.98E-03
-1.28300E+00,+150.46E-03
-1.28200E+00,+157.20E-03
-1.28100E+00,+154.79E-03
-1.28000E+00,+152.14E-03
-1.27900E+00,+154.42E-03
-1.27800E+00,+146.47E-03
-1.27700E+00,+149.72E-03
-1.27600E+00,+147.61E-03
-1.27500E+00,+153.74E-03
-1.27400E+00,+149.77E-03
-1.27300E+00,+152.87E-03
-1.27200E+00,+153.74E-03
-1.27100E+00,+155.03E-03
-1.27000E+00,+149.72E-03
-1.26900E+00,+152.60E-03
-1.26800E+00,+151.22E-03
-1.26700E+00,+144.11E-03
-1.26600E+00,+155.07E-03
-1.26500E+00,+153.74E-03
-1.26400E+00,+157.76E-03
-1.26300E+00,+151.85E-03
-1.26200E+00,+147.64E-03
-1.26100E+00,+149.80E-03
-1.26000E+00,+150.61E-03
-1.25900E+00,+151.93E-03
-1.25800E+00,+149.72E-03
-1.25700E+00,+153.74E-03
-1.25600E+00,+149.72E-03
-1.25500E+00,+148.21E-03
-1.25400E+00,+153.74E-03
-1.25300E+00,+153.74E-03
-1.25200E+00,+150.00E-03
-1.25100E+00,+153.74E-03
-1.25000E+00,+151.61E-03
-1.24900E+00,+152.79E-03
-1.24800E+00,+153.74E-03
-1.24700E+00,+151.53E-03
-1.24600E+00,+149.72E-03
-1.24500E+00,+160.52E-03
-1.24400E+00,+153.74E-03
-1.24300E+00,+150.92E-03
-1.24200E+00,+152.22E-03
-1.24100E+00,+153.74E-03
-1.24000E+00,+153.74E-03
-1.23900E+00,+153.16E-03
-1.23800E+00,+153.74E-03
-1.23700E+00,+153.74E-03
-1.23600E+00,+151.86E-03
-1.23500E+00,+149.72E-03
-1.23400E+00,+146.62E-03
-1.23300E+00,+153.74E-03
-1.23200E+00,+152.49E-03
-1.23100E+00,+150.36E-03
-1.23000E+00,+151.55E-03
-1.22900E+00,+153.74E-03
-1.22800E+00,+151.28E-03
-1.22700E+00,+157.14E-03
-1.22600E+00,+154.05E-03
-1.22500E+00,+152.51E-03
-1.22400E+00,+157.76E-03
-1.22300E+00,+151.59E-03
-1.22200E+00,+153.74E-03
-1.22100E+00,+145.70E-03
-1.22000E+00,+150.04E-03
-1.21900E+00,+149.72E-03
-1.21800E+00,+157.76E-03
-1.21700E+00,+154.98E-03
-1.21600E+00,+155.29E-03
-1.21500E+00,+149.72E-03
-1.21400E+00,+157.76E-03
-1.21300E+00,+150.35E-03
-1.21200E+00,+153.74E-03
-1.21100E+00,+155.59E-03
-1.21000E+00,+152.82E-03
-1.20900E+00,+153.74E-03
-1.20800E+00,+150.66E-03
-1.20700E+00,+149.72E-03
-1.20600E+00,+152.17E-03
-1.20500E+00,+153.45E-03
-1.20400E+00,+156.50E-03
-1.20300E+00,+149.72E-03
-1.20200E+00,+153.74E-03
-1.20100E+00,+151.94E-03
-1.20000E+00,+149.72E-03
-1.19900E+00,+152.49E-03
-1.19800E+00,+151.91E-03
-1.19700E+00,+150.63E-03
-1.19600E+00,+153.74E-03
-1.19500E+00,+155.86E-03
-1.19400E+00,+151.87E-03
-1.19300E+00,+154.96E-03
-1.19200E+00,+150.01E-03
-1.19100E+00,+153.74E-03
-1.19000E+00,+155.32E-03
-1.18900E+00,+152.76E-03
-1.18800E+00,+150.90E-03
-1.18700E+00,+157.43E-03
-1.18600E+00,+153.74E-03
-1.18500E+00,+151.92E-03
-1.18400E+00,+156.87E-03
-1.18300E+00,+157.70E-03
-1.18200E+00,+152.78E-03
-1.18100E+00,+155.87E-03
-1.18000E+00,+153.74E-03
-1.17900E+00,+157.22E-03
-1.17800E+00,+153.09E-03
-1.17700E+00,+158.61E-03
-1.17600E+00,+152.74E-03
-1.17500E+00,+149.72E-03
-1.17400E+00,+153.74E-03
-1.17300E+00,+156.48E-03
-1.17200E+00,+154.14E-03
-1.17100E+00,+155.11E-03
-1.17000E+00,+157.72E-03
-1.16900E+00,+149.72E-03
-1.16800E+00,+151.63E-03
-1.16700E+00,+150.91E-03
-1.16600E+00,+149.98E-03
-1.16500E+00,+153.74E-03
-1.16400E+00,+153.74E-03
-1.16300E+00,+151.22E-03
-1.16200E+00,+146.27E-03
-1.16100E+00,+157.04E-03
-1.16000E+00,+156.33E-03
-1.15900E+00,+155.54E-03
-1.15800E+00,+150.59E-03
-1.15700E+00,+149.84E-03
-1.15600E+00,+156.78E-03
-1.15500E+00,+153.74E-03
-1.15400E+00,+153.74E-03
-1.15300E+00,+153.50E-03
-1.15200E+00,+157.76E-03
-1.15100E+00,+151.33E-03
-1.15000E+00,+151.21E-03
-1.14900E+00,+149.72E-03
-1.14800E+00,+154.12E-03
-1.14700E+00,+159.07E-03
-1.14600E+00,+155.98E-03
-1.14500E+00,+151.44E-03
-1.14400E+00,+149.65E-03
-1.14300E+00,+155.77E-03
-1.14200E+00,+151.65E-03
-1.14100E+00,+152.58E-03
-1.14000E+00,+145.94E-03
-1.13900E+00,+157.07E-03
-1.13800E+00,+149.72E-03
-1.13700E+00,+151.19E-03
-1.13600E+00,+149.18E-03
-1.13500E+00,+153.36E-03
-1.13400E+00,+152.43E-03
-1.13300E+00,+155.52E-03
-1.13200E+00,+149.72E-03
-1.13100E+00,+157.68E-03
-1.13000E+00,+154.75E-03
-1.12900E+00,+151.81E-03
-1.12800E+00,+155.46E-03
-1.12700E+00,+153.52E-03
-1.12600E+00,+149.72E-03
-1.12500E+00,+149.72E-03
-1.12400E+00,+152.29E-03
-1.12300E+00,+153.74E-03
-1.12200E+00,+149.72E-03
-1.12100E+00,+153.74E-03
-1.12000E+00,+156.00E-03
-1.11900E+00,+156.93E-03
-1.11800E+00,+161.50E-03
-1.11700E+00,+154.70E-03
-1.11600E+00,+151.67E-03
-1.11500E+00,+152.01E-03
-1.11400E+00,+153.74E-03
-1.11300E+00,+147.14E-03
-1.11200E+00,+156.12E-03
-1.11100E+00,+156.32E-03
-1.11000E+00,+150.24E-03
-1.10900E+00,+150.13E-03
-1.10800E+00,+153.74E-03
-1.10700E+00,+161.78E-03
-1.10600E+00,+144.98E-03
-1.10500E+00,+153.53E-03
-1.10400E+00,+146.74E-03
-1.10300E+00,+153.84E-03
-1.10200E+00,+157.76E-03
-1.10100E+00,+150.12E-03
-1.10000E+00,+153.74E-03
-1.09900E+00,+153.04E-03
-1.09800E+00,+153.74E-03
-1.09700E+00,+147.73E-03
-1.09600E+00,+153.32E-03
-1.09500E+00,+155.06E-03
-1.09400E+00,+153.74E-03
-1.09300E+00,+154.55E-03
-1.09200E+00,+153.63E-03
-1.09100E+00,+149.72E-03
-1.09000E+00,+147.68E-03
-1.08900E+00,+150.39E-03
-1.08800E+00,+153.74E-03
-1.08700E+00,+157.76E-03
-1.08600E+00,+151.39E-03
-1.08500E+00,+148.55E-03
-1.08400E+00,+157.27E-03
-1.08300E+00,+153.31E-03
-1.08200E+00,+153.74E-03
-1.08100E+00,+152.02E-03
-1.08000E+00,+156.96E-03
-1.07900E+00,+157.50E-03
-1.07800E+00,+148.67E-03
-1.07700E+00,+153.74E-03
-1.07600E+00,+153.74E-03
-1.07500E+00,+157.59E-03
-1.07400E+00,+154.50E-03
-1.07300E+00,+152.06E-03
-1.07200E+00,+158.96E-03
-1.07100E+00,+153.74E-03
-1.07000E+00,+160.89E-03
-1.06900E+00,+153.74E-03
-1.06800E+00,+149.13E-03
-1.06700E+00,+150.51E-03
-1.06600E+00,+161.36E-03
-1.06500E+00,+149.72E-03
-1.06400E+00,+155.79E-03
-1.06300E+00,+155.58E-03
-1.06200E+00,+153.91E-03
-1.06100E+00,+149.72E-03
-1.06000E+00,+153.74E-03
-1.05900E+00,+155.14E-03
-1.05800E+00,+156.83E-03
-1.05700E+00,+153.28E-03
-1.05600E+00,+147.09E-03
-1.05500E+00,+156.06E-03
-1.05400E+00,+148.17E-03
-1.05300E+00,+149.88E-03
-1.05200E+00,+142.77E-03
-1.05100E+00,+155.75E-03
-1.05000E+00,+153.74E-03
-1.04900E+00,+157.31E-03
-1.04800E+00,+149.72E-03
-1.04700E+00,+153.74E-03
-1.04600E+00,+156.38E-03
-1.04500E+00,+150.18E-03
-1.04400E+00,+153.27E-03
-1.04300E+00,+148.50E-03
-1.04200E+00,+150.36E-03
-1.04100E+00,+149.72E-03
-1.04000E+00,+153.74E-03
-1.03900E+00,+149.72E-03
-1.03800E+00,+155.74E-03
-1.03700E+00,+149.72E-03
-1.03600E+00,+149.86E-03
-1.03500E+00,+152.95E-03
-1.03400E+00,+151.44E-03
-1.03300E+00,+153.64E-03
-1.03200E+00,+153.30E-03
-1.03100E+00,+154.23E-03
-1.03000E+00,+148.53E-03
-1.02900E+00,+156.08E-03
-1.02800E+00,+147.21E-03
-1.02700E+00,+153.74E-03
-1.02600E+00,+149.72E-03
-1.02500E+00,+155.78E-03
-1.02400E+00,+150.78E-03
-1.02300E+00,+153.62E-03
-1.02200E+00,+152.94E-03
-1.02100E+00,+157.76E-03
-1.02000E+00,+149.72E-03
-1.01900E+00,+157.76E-03
-1.01800E+00,+160.79E-03
-1.01700E+00,+151.15E-03
-1.01600E+00,+151.39E-03
-1.01500E+00,+153.01E-03
-1.01400E+00,+153.55E-03
-1.01300E+00,+153.74E-03
-1.01200E+00,+153.74E-03
-1.01100E+00,+152.70E-03
-1.01000E+00,+157.65E-03
-1.00900E+00,+152.93E-03
-1.00800E+00,+153.21E-03
-1.00700E+00,+151.07E-03
-1.00600E+00,+153.32E-03
-1.00500E+00,+153.74E-03
-1.00400E+00,+153.74E-03
-1.00300E+00,+150.43E-03
-1.00200E+00,+146.43E-03
-1.00100E+00,+153.95E-03
-1.00000E+00,+156.63E-03
-999.00E-03,+151.78E-03
-998.00E-03,+150.76E-03
-997.00E-03,+157.56E-03
-996.00E-03,+151.37E-03
-995.00E-03,+154.98E-03
-994.00E-03,+151.06E-03
-993.00E-03,+157.35E-03
-992.00E-03,+158.28E-03
-991.00E-03,+153.74E-03
-990.00E-03,+155.39E-03
-989.00E-03,+149.01E-03
-988.00E-03,+157.55E-03
-987.00E-03,+153.74E-03
-986.00E-03,+149.60E-03
-985.00E-03,+154.70E-03
-984.00E-03,+149.82E-03
-983.00E-03,+150.56E-03
-982.00E-03,+157.76E-03
-981.00E-03,+155.07E-03
-980.00E-03,+150.52E-03
-979.00E-03,+153.74E-03
-978.00E-03,+153.74E-03
-977.00E-03,+149.72E-03
-976.00E-03,+153.04E-03
-975.00E-03,+153.74E-03
-974.00E-03,+153.74E-03
-973.00E-03,+155.68E-03
-972.00E-03,+148.72E-03
-971.00E-03,+153.74E-03
-970.00E-03,+145.70E-03
-969.00E-03,+150.19E-03
-968.00E-03,+149.72E-03
-967.00E-03,+150.11E-03
-966.00E-03,+152.66E-03
-965.00E-03,+153.74E-03
-964.00E-03,+157.76E-03
-963.00E-03,+153.74E-03
-962.00E-03,+146.18E-03
-961.00E-03,+153.74E-03
-960.00E-03,+153.74E-03
-959.00E-03,+149.72E-03
-958.00E-03,+153.68E-03
-957.00E-03,+153.74E-03
-956.00E-03,+149.72E-03
-955.00E-03,+153.63E-03
-954.00E-03,+153.74E-03
-953.00E-03,+153.19E-03
-952.00E-03,+148.24E-03
-951.00E-03,+153.74E-03
-950.00E-03,+156.41E-03
-949.00E-03,+153.24E-03
-948.00E-03,+153.74E-03
-947.00E-03,+149.72E-03
-946.00E-03,+154.73E-03
-945.00E-03,+145.76E-03
-944.00E-03,+150.60E-03
-943.00E-03,+151.53E-03
-942.00E-03,+155.03E-03
-941.00E-03,+154.10E-03
-940.00E-03,+150.86E-03
-939.00E-03,+155.24E-03
-938.00E-03,+152.15E-03
-937.00E-03,+157.76E-03
-936.00E-03,+150.25E-03
-935.00E-03,+153.74E-03
-934.00E-03,+149.50E-03
-933.00E-03,+147.65E-03
-932.00E-03,+157.81E-03
-931.00E-03,+156.88E-03
-930.00E-03,+155.56E-03
-929.00E-03,+153.74E-03
-928.00E-03,+149.72E-03
-927.00E-03,+149.72E-03
-926.00E-03,+152.24E-03
-925.00E-03,+155.33E-03
-924.00E-03,+149.07E-03
-923.00E-03,+153.19E-03
-922.00E-03,+157.76E-03
-921.00E-03,+155.88E-03
-920.00E-03,+152.78E-03
-919.00E-03,+153.74E-03
-918.00E-03,+155.97E-03
-917.00E-03,+153.74E-03
-916.00E-03,+153.74E-03
-915.00E-03,+149.39E-03
-914.00E-03,+153.74E-03
-913.00E-03,+152.76E-03
-912.00E-03,+147.27E-03
-911.00E-03,+153.10E-03
-910.00E-03,+157.19E-03
-909.00E-03,+150.94E-03
-908.00E-03,+152.13E-03
-907.00E-03,+156.82E-03
-906.00E-03,+157.76E-03
-905.00E-03,+152.83E-03
-904.00E-03,+154.09E-03
-903.00E-03,+152.23E-03
-902.00E-03,+149.40E-03
-901.00E-03,+153.74E-03
-900.00E-03,+153.74E-03
-899.00E-03,+152.84E-03
-898.00E-03,+149.09E-03
-897.00E-03,+157.47E-03
-896.00E-03,+154.97E-03
-895.00E-03,+153.45E-03
-894.00E-03,+150.66E-03
-893.00E-03,+145.71E-03
-892.00E-03,+153.74E-03
-891.00E-03,+151.89E-03
-890.00E-03,+150.96E-03
-889.00E-03,+146.33E-03
-888.00E-03,+154.36E-03
-887.00E-03,+156.83E-03
-886.00E-03,+149.72E-03
-885.00E-03,+150.96E-03
-884.00E-03,+157.45E-03
-883.00E-03,+155.29E-03
-882.00E-03,+151.58E-03
-881.00E-03,+154.67E-03
-880.00E-03,+157.76E-03
-879.00E-03,+147.57E-03
-878.00E-03,+150.02E-03
-877.00E-03,+149.72E-03
-876.00E-03,+153.74E-03
-875.00E-03,+154.37E-03
-874.00E-03,+152.19E-03
-873.00E-03,+152.21E-03
-872.00E-03,+150.33E-03
-871.00E-03,+157.12E-03
-870.00E-03,+153.74E-03
-869.00E-03,+155.58E-03
-868.00E-03,+149.72E-03
-867.00E-03,+153.74E-03
-866.00E-03,+151.85E-03
-865.00E-03,+151.87E-03
-864.00E-03,+150.94E-03
-863.00E-03,+153.74E-03
-862.00E-03,+157.12E-03
-861.00E-03,+152.17E-03
-860.00E-03,+150.70E-03
-859.00E-03,+154.34E-03
-858.00E-03,+149.72E-03
-857.00E-03,+150.99E-03
-856.00E-03,+149.36E-03
-855.00E-03,+153.74E-03
-854.00E-03,+149.75E-03
-853.00E-03,+153.74E-03
-852.00E-03,+153.74E-03
-851.00E-03,+149.72E-03
-850.00E-03,+149.17E-03
-849.00E-03,+153.09E-03
-848.00E-03,+153.74E-03
-847.00E-03,+151.23E-03
-846.00E-03,+153.74E-03
-845.00E-03,+157.42E-03
-844.00E-03,+155.02E-03
-843.00E-03,+155.95E-03
-842.00E-03,+147.48E-03
-841.00E-03,+153.74E-03
-840.00E-03,+153.74E-03
-839.00E-03,+147.60E-03
-838.00E-03,+156.57E-03
-837.00E-03,+153.48E-03
-836.00E-03,+151.05E-03
-835.00E-03,+148.13E-03
-834.00E-03,+149.72E-03
-833.00E-03,+156.62E-03
-832.00E-03,+153.03E-03
-831.00E-03,+151.17E-03
-830.00E-03,+149.72E-03
-829.00E-03,+153.74E-03
-828.00E-03,+153.85E-03
-827.00E-03,+146.69E-03
-826.00E-03,+153.74E-03
-825.00E-03,+150.90E-03
-824.00E-03,+153.49E-03
-823.00E-03,+157.76E-03
-822.00E-03,+152.14E-03
-821.00E-03,+154.79E-03
-820.00E-03,+143.36E-03
-819.00E-03,+153.74E-03
-818.00E-03,+153.74E-03
-817.00E-03,+155.54E-03
-816.00E-03,+156.90E-03
-815.00E-03,+145.83E-03
-814.00E-03,+155.78E-03
-813.00E-03,+155.84E-03
-812.00E-03,+157.11E-03
-811.00E-03,+149.96E-03
-810.00E-03,+149.72E-03
-809.00E-03,+156.15E-03
-808.00E-03,+160.31E-03
-807.00E-03,+150.27E-03
-806.00E-03,+150.11E-03
-805.00E-03,+156.45E-03
-804.00E-03,+153.74E-03
-803.00E-03,+153.74E-03
-802.00E-03,+153.74E-03
-801.00E-03,+153.74E-03
-800.00E-03,+147.49E-03
-799.00E-03,+155.45E-03
-798.00E-03,+146.16E-03
-797.00E-03,+153.04E-03
-796.00E-03,+149.72E-03
-795.00E-03,+156.30E-03
-794.00E-03,+147.30E-03
-793.00E-03,+152.95E-03
-792.00E-03,+148.40E-03
-791.00E-03,+151.49E-03
-790.00E-03,+153.74E-03
-789.00E-03,+153.56E-03
-788.00E-03,+147.74E-03
-787.00E-03,+149.72E-03
-786.00E-03,+146.85E-03
-785.00E-03,+153.53E-03
-784.00E-03,+153.74E-03
-783.00E-03,+153.74E-03
-782.00E-03,+149.72E-03
-781.00E-03,+153.74E-03
-780.00E-03,+150.13E-03
-779.00E-03,+151.06E-03
-778.00E-03,+153.74E-03
-777.00E-03,+154.57E-03
-776.00E-03,+153.74E-03
-775.00E-03,+151.78E-03
-774.00E-03,+151.68E-03
-773.00E-03,+149.72E-03
-772.00E-03,+150.13E-03
-771.00E-03,+147.15E-03
-770.00E-03,+145.70E-03
-769.00E-03,+157.76E-03
-768.00E-03,+156.74E-03
-767.00E-03,+157.34E-03
-766.00E-03,+152.40E-03
-765.00E-03,+149.19E-03
-764.00E-03,+150.54E-03
-763.00E-03,+145.93E-03
-762.00E-03,+151.66E-03
-761.00E-03,+147.67E-03
-760.00E-03,+149.72E-03
-759.00E-03,+149.92E-03
-758.00E-03,+143.16E-03
-757.00E-03,+155.41E-03
-756.00E-03,+151.15E-03
-755.00E-03,+153.74E-03
-754.00E-03,+152.88E-03
-753.00E-03,+155.10E-03
-752.00E-03,+153.74E-03
-751.00E-03,+153.74E-03
-750.00E-03,+149.60E-03
-749.00E-03,+149.72E-03
-748.00E-03,+155.78E-03
-747.00E-03,+157.76E-03
-746.00E-03,+153.56E-03
-745.00E-03,+150.47E-03
-744.00E-03,+151.40E-03
-743.00E-03,+156.35E-03
-742.00E-03,+153.74E-03
-741.00E-03,+153.30E-03
-740.00E-03,+155.02E-03
-739.00E-03,+152.02E-03
-738.00E-03,+153.74E-03
-737.00E-03,+153.61E-03
-736.00E-03,+152.68E-03
-735.00E-03,+149.72E-03
-734.00E-03,+152.65E-03
-733.00E-03,+145.87E-03
-732.00E-03,+153.74E-03
-731.00E-03,+156.07E-03
-730.00E-03,+149.72E-03
-729.00E-03,+150.20E-03
-728.00E-03,+153.74E-03
-727.00E-03,+153.74E-03
-726.00E-03,+156.06E-03
-725.00E-03,+156.98E-03
-724.00E-03,+149.87E-03
-723.00E-03,+151.88E-03
-722.00E-03,+19.07E-03
-721.00E-03,+17.06E-03
-720.00E-03,+20.92E-03
-719.00E-03,+17.06E-03
-718.00E-03,+16.44E-03
-717.00E-03,+14.43E-03
-716.00E-03,+20.16E-03
-715.00E-03,+13.97E-03
-714.00E-03,+19.52E-03
-713.00E-03,+17.06E-03
-712.00E-03,+14.57E-03
-711.00E-03,+21.08E-03
-710.00E-03,+14.13E-03
-709.00E-03,+17.06E-03
-708.00E-03,+13.04E-03
-707.00E-03,+13.04E-03
-706.00E-03,+20.30E-03
-705.00E-03,+17.06E-03
-704.00E-03,+17.06E-03
-703.00E-03,+16.61E-03
-702.00E-03,+16.10E-03
-701.00E-03,+18.47E-03
-700.00E-03,+19.40E-03
-699.00E-03,+16.31E-03
-698.00E-03,+20.73E-03
-697.00E-03,+17.06E-03
-696.00E-03,+23.07E-03
-695.00E-03,+12.20E-03
-694.00E-03,+13.04E-03
-693.00E-03,+14.63E-03
-692.00E-03,+13.04E-03
-691.00E-03,+18.35E-03
-690.00E-03,+17.50E-03
-689.00E-03,+17.06E-03
-688.00E-03,+21.08E-03
-687.00E-03,+12.36E-03
-686.00E-03,+13.04E-03
-685.00E-03,+20.52E-03
-684.00E-03,+19.97E-03
-683.00E-03,+15.02E-03
-682.00E-03,+16.01E-03
-681.00E-03,+17.06E-03
-680.00E-03,+13.85E-03
-679.00E-03,+20.54E-03
-678.00E-03,+17.06E-03
-677.00E-03,+21.08E-03
-676.00E-03,+13.04E-03
-675.00E-03,+17.34E-03
-674.00E-03,+15.66E-03
-673.00E-03,+19.62E-03
-672.00E-03,+21.08E-03
-671.00E-03,+18.19E-03
-670.00E-03,+17.06E-03
-669.00E-03,+16.02E-03
-668.00E-03,+17.17E-03
-667.00E-03,+18.62E-03
-666.00E-03,+18.81E-03
-665.00E-03,+23.76E-03
-664.00E-03,+13.45E-03
-663.00E-03,+16.54E-03
-662.00E-03,+17.06E-03
-661.00E-03,+19.43E-03
-660.00E-03,+16.34E-03
-659.00E-03,+13.25E-03
-658.00E-03,+10.16E-03
-657.00E-03,+19.13E-03
-656.00E-03,+13.04E-03
-655.00E-03,+24.91E-03
-654.00E-03,+21.08E-03
-653.00E-03,+21.08E-03
-652.00E-03,+25.10E-03
-651.00E-03,+16.26E-03
-650.00E-03,+21.08E-03
-649.00E-03,+18.17E-03
-648.00E-03,+13.04E-03
-647.00E-03,+13.75E-03
-646.00E-03,+24.43E-03
-645.00E-03,+17.06E-03
-644.00E-03,+19.00E-03
-643.00E-03,+20.07E-03
-642.00E-03,+16.98E-03
-641.00E-03,+14.73E-03
-640.00E-03,+15.29E-03
-639.00E-03,+22.40E-03
-638.00E-03,+13.43E-03
-637.00E-03,+20.00E-03
-636.00E-03,+19.61E-03
-635.00E-03,+18.68E-03
-634.00E-03,+13.73E-03
-633.00E-03,+16.83E-03
-632.00E-03,+19.92E-03
-631.00E-03,+13.04E-03
-630.00E-03,+17.06E-03
-629.00E-03,+17.20E-03
-628.00E-03,+11.59E-03
-627.00E-03,+21.08E-03
-626.00E-03,+14.45E-03
-625.00E-03,+9.40E-03
-624.00E-03,+17.06E-03
-623.00E-03,+11.98E-03
-622.00E-03,+15.45E-03
-621.00E-03,+11.07E-03
-620.00E-03,+16.81E-03
-619.00E-03,+18.73E-03
-618.00E-03,+23.00E-03
-617.00E-03,+19.10E-03
-616.00E-03,+13.10E-03
-615.00E-03,+21.08E-03
-614.00E-03,+14.84E-03
-613.00E-03,+11.61E-03
-612.00E-03,+13.41E-03
-611.00E-03,+20.52E-03
-610.00E-03,+15.57E-03
-609.00E-03,+17.88E-03
-608.00E-03,+21.08E-03
-607.00E-03,+17.06E-03
-606.00E-03,+11.39E-03
-605.00E-03,+12.83E-03
-604.00E-03,+12.06E-03
-603.00E-03,+13.09E-03
-602.00E-03,+17.06E-03
-601.00E-03,+15.25E-03
-600.00E-03,+13.04E-03
-599.00E-03,+13.04E-03
-598.00E-03,+14.19E-03
-597.00E-03,+18.07E-03
-596.00E-03,+22.67E-03
-595.00E-03,+19.76E-03
-594.00E-03,+17.06E-03
-593.00E-03,+21.08E-03
-592.00E-03,+18.72E-03
-591.00E-03,+17.06E-03
-590.00E-03,+21.05E-03
-589.00E-03,+15.27E-03
-588.00E-03,+17.44E-03
-587.00E-03,+17.06E-03
-586.00E-03,+17.06E-03
-585.00E-03,+13.04E-03
-584.00E-03,+14.56E-03
-583.00E-03,+14.62E-03
-582.00E-03,+17.71E-03
-581.00E-03,+9.02E-03
-580.00E-03,+21.08E-03
-579.00E-03,+13.30E-03
-578.00E-03,+13.99E-03
-577.00E-03,+21.03E-03
-576.00E-03,+17.06E-03
-575.00E-03,+17.06E-03
-574.00E-03,+14.30E-03
-573.00E-03,+20.75E-03
-572.00E-03,+17.06E-03
-571.00E-03,+18.59E-03
-570.00E-03,+17.06E-03
-569.00E-03,+16.43E-03
-568.00E-03,+20.20E-03
-567.00E-03,+21.08E-03
-566.00E-03,+19.21E-03
-565.00E-03,+16.12E-03
-564.00E-03,+21.06E-03
-563.00E-03,+16.14E-03
-562.00E-03,+17.39E-03
-561.00E-03,+14.29E-03
-560.00E-03,+20.76E-03
-559.00E-03,+12.43E-03
-558.00E-03,+15.52E-03
-557.00E-03,+15.51E-03
-556.00E-03,+20.46E-03
-555.00E-03,+17.06E-03
-554.00E-03,+11.81E-03
-553.00E-03,+15.20E-03
-552.00E-03,+13.04E-03
-551.00E-03,+13.04E-03
-550.00E-03,+14.90E-03
-549.00E-03,+21.08E-03
-548.00E-03,+17.06E-03
-547.00E-03,+16.76E-03
-546.00E-03,+17.06E-03
-545.00E-03,+14.59E-03
-544.00E-03,+17.06E-03
-543.00E-03,+14.87E-03
-542.00E-03,+17.06E-03
-541.00E-03,+12.76E-03
-540.00E-03,+15.22E-03
-539.00E-03,+16.14E-03
-538.00E-03,+13.03E-03
-537.00E-03,+18.00E-03
-536.00E-03,+17.06E-03
-535.00E-03,+13.04E-03
-534.00E-03,+20.79E-03
-533.00E-03,+16.42E-03
-532.00E-03,+17.06E-03
-531.00E-03,+14.57E-03
-530.00E-03,+17.66E-03
-529.00E-03,+20.75E-03
-528.00E-03,+15.56E-03
-527.00E-03,+15.23E-03
-526.00E-03,+10.83E-03
-525.00E-03,+21.11E-03
-524.00E-03,+17.06E-03
-523.00E-03,+17.06E-03
-522.00E-03,+9.02E-03
-521.00E-03,+9.30E-03
-520.00E-03,+19.78E-03
-519.00E-03,+17.06E-03
-518.00E-03,+16.07E-03
-517.00E-03,+13.63E-03
-516.00E-03,+9.36E-03
-515.00E-03,+18.33E-03
-514.00E-03,+13.04E-03
-513.00E-03,+11.69E-03
-512.00E-03,+17.06E-03
-511.00E-03,+17.06E-03
-510.00E-03,+17.06E-03
-509.00E-03,+19.45E-03
-508.00E-03,+17.60E-03
-507.00E-03,+17.72E-03
-506.00E-03,+20.33E-03
-505.00E-03,+17.06E-03
-504.00E-03,+19.93E-03
-503.00E-03,+13.39E-03
-502.00E-03,+17.23E-03
-501.00E-03,+21.08E-03
-500.00E-03,+21.08E-03
-499.00E-03,+12.99E-03
-498.00E-03,+13.04E-03
-497.00E-03,+17.06E-03
-496.00E-03,+17.06E-03
-495.00E-03,+17.06E-03
-494.00E-03,+14.38E-03
-493.00E-03,+19.48E-03
-492.00E-03,+14.53E-03
-491.00E-03,+13.60E-03
-490.00E-03,+21.08E-03
-489.00E-03,+15.63E-03
-488.00E-03,+19.28E-03
-487.00E-03,+9.89E-03
-486.00E-03,+13.10E-03
-485.00E-03,+18.05E-03
-484.00E-03,+13.04E-03
-483.00E-03,+17.06E-03
-482.00E-03,+21.08E-03
-481.00E-03,+13.72E-03
-480.00E-03,+17.06E-03
-479.00E-03,+18.54E-03
-478.00E-03,+18.16E-03
-477.00E-03,+21.08E-03
-476.00E-03,+15.75E-03
-475.00E-03,+15.28E-03
-474.00E-03,+14.75E-03
-473.00E-03,+9.24E-03
-472.00E-03,+21.08E-03
-471.00E-03,+16.90E-03
-470.00E-03,+19.38E-03
-469.00E-03,+20.85E-03
-468.00E-03,+16.36E-03
-467.00E-03,+16.29E-03
-466.00E-03,+17.06E-03
-465.00E-03,+13.04E-03
-464.00E-03,+20.69E-03
-463.00E-03,+15.74E-03
-462.00E-03,+17.54E-03
-461.00E-03,+19.39E-03
-460.00E-03,+16.89E-03
-459.00E-03,+18.07E-03
-458.00E-03,+16.93E-03
-457.00E-03,+11.32E-03
-456.00E-03,+17.06E-03
-455.00E-03,+21.08E-03
-454.00E-03,+17.81E-03
-453.00E-03,+19.63E-03
-452.00E-03,+20.55E-03
-451.00E-03,+16.25E-03
-450.00E-03,+15.70E-03
-449.00E-03,+17.06E-03
-448.00E-03,+21.08E-03
-447.00E-03,+17.16E-03
-446.00E-03,+15.09E-03
-445.00E-03,+14.88E-03
-444.00E-03,+15.92E-03
-443.00E-03,+13.04E-03
-442.00E-03,+17.06E-03
-441.00E-03,+13.97E-03
-440.00E-03,+21.08E-03
-439.00E-03,+20.05E-03
-438.00E-03,+17.06E-03
-437.00E-03,+10.36E-03
-436.00E-03,+21.08E-03
-435.00E-03,+13.04E-03
-434.00E-03,+13.15E-03
-433.00E-03,+15.12E-03
-432.00E-03,+11.07E-03
-431.00E-03,+19.96E-03
-430.00E-03,+9.41E-03
-429.00E-03,+13.04E-03
-428.00E-03,+15.40E-03
-427.00E-03,+15.63E-03
-426.00E-03,+17.06E-03
-425.00E-03,+13.89E-03
-424.00E-03,+21.08E-03
-423.00E-03,+21.08E-03
-422.00E-03,+18.67E-03
-421.00E-03,+20.84E-03
-420.00E-03,+13.04E-03
-419.00E-03,+13.10E-03
-418.00E-03,+19.97E-03
-417.00E-03,+17.06E-03
-416.00E-03,+16.32E-03
-415.00E-03,+18.73E-03
-414.00E-03,+18.48E-03
-413.00E-03,+16.57E-03
-412.00E-03,+21.52E-03
-411.00E-03,+11.67E-03
-410.00E-03,+15.34E-03
-409.00E-03,+17.86E-03
-408.00E-03,+13.04E-03
-407.00E-03,+14.94E-03
-406.00E-03,+15.07E-03
-405.00E-03,+19.98E-03
-404.00E-03,+17.06E-03
-403.00E-03,+13.80E-03
-402.00E-03,+20.43E-03
-401.00E-03,+19.67E-03
-400.00E-03,+17.54E-03
-399.00E-03,+20.18E-03
-398.00E-03,+19.70E-03
-397.00E-03,+14.75E-03
-396.00E-03,+16.28E-03
-395.00E-03,+20.64E-03
-394.00E-03,+18.13E-03
-393.00E-03,+21.07E-03
-392.00E-03,+18.90E-03
-391.00E-03,+17.06E-03
-390.00E-03,+16.29E-03
-389.00E-03,+19.38E-03
-388.00E-03,+18.45E-03
-387.00E-03,+13.04E-03
-386.00E-03,+17.52E-03
-385.00E-03,+18.30E-03
-384.00E-03,+13.04E-03
-383.00E-03,+17.83E-03
-382.00E-03,+20.92E-03
-381.00E-03,+19.99E-03
-380.00E-03,+15.05E-03
-379.00E-03,+15.98E-03
-378.00E-03,+20.78E-03
-377.00E-03,+21.08E-03
-376.00E-03,+18.77E-03
-375.00E-03,+15.68E-03
-374.00E-03,+20.63E-03
-373.00E-03,+16.58E-03
-372.00E-03,+14.44E-03
-371.00E-03,+17.06E-03
-370.00E-03,+20.32E-03
-369.00E-03,+16.89E-03
-368.00E-03,+15.24E-03
-367.00E-03,+17.06E-03
-366.00E-03,+13.04E-03
-365.00E-03,+20.94E-03
-364.00E-03,+18.65E-03
-363.00E-03,+17.06E-03
-362.00E-03,+22.45E-03
-361.00E-03,+16.62E-03
-360.00E-03,+16.57E-03
-359.00E-03,+15.87E-03
-358.00E-03,+18.74E-03
-357.00E-03,+21.08E-03
-356.00E-03,+17.24E-03
-355.00E-03,+20.66E-03
-354.00E-03,+17.06E-03
-353.00E-03,+20.03E-03
-352.00E-03,+17.31E-03
-351.00E-03,+13.85E-03
-350.00E-03,+21.63E-03
-349.00E-03,+15.70E-03
-348.00E-03,+16.63E-03
-347.00E-03,+17.56E-03
-346.00E-03,+14.47E-03
-345.00E-03,+14.70E-03
-344.00E-03,+17.79E-03
-343.00E-03,+17.06E-03
-342.00E-03,+22.20E-03
-341.00E-03,+19.03E-03
-340.00E-03,+18.10E-03
-339.00E-03,+13.15E-03
-338.00E-03,+14.67E-03
-337.00E-03,+19.33E-03
-336.00E-03,+19.73E-03
-335.00E-03,+17.48E-03
-334.00E-03,+20.57E-03
-333.00E-03,+14.48E-03
-332.00E-03,+19.43E-03
-331.00E-03,+23.66E-03
-330.00E-03,+24.89E-03
-329.00E-03,+18.19E-03
-328.00E-03,+15.10E-03
-327.00E-03,+18.09E-03
-326.00E-03,+20.98E-03
-325.00E-03,+16.23E-03
-324.00E-03,+14.80E-03
-323.00E-03,+15.71E-03
-322.00E-03,+13.45E-03
-321.00E-03,+18.63E-03
-320.00E-03,+18.51E-03
-319.00E-03,+13.04E-03
-318.00E-03,+16.35E-03
-317.00E-03,+17.06E-03
-316.00E-03,+18.79E-03
-315.00E-03,+19.01E-03
-314.00E-03,+18.08E-03
-313.00E-03,+13.13E-03
-312.00E-03,+21.08E-03
-311.00E-03,+16.58E-03
-310.00E-03,+19.76E-03
-309.00E-03,+13.43E-03
-308.00E-03,+20.54E-03
-307.00E-03,+15.97E-03
-306.00E-03,+19.45E-03
-305.00E-03,+16.36E-03
-304.00E-03,+13.50E-03
-303.00E-03,+15.36E-03
-302.00E-03,+19.30E-03
-301.00E-03,+18.06E-03
-300.00E-03,+17.06E-03
-299.00E-03,+17.91E-03
-298.00E-03,+20.62E-03
-297.00E-03,+22.48E-03
-296.00E-03,+20.70E-03
-295.00E-03,+17.61E-03
-294.00E-03,+17.06E-03
-293.00E-03,+15.45E-03
-292.00E-03,+17.75E-03
-291.00E-03,+17.06E-03
-290.00E-03,+15.38E-03
-289.00E-03,+18.98E-03
-288.00E-03,+20.09E-03
-287.00E-03,+17.12E-03
-286.00E-03,+13.04E-03
-285.00E-03,+18.85E-03
-284.00E-03,+14.34E-03
-283.00E-03,+20.71E-03
-282.00E-03,+21.08E-03
-281.00E-03,+21.08E-03
-280.00E-03,+14.64E-03
-279.00E-03,+20.41E-03
-278.00E-03,+20.83E-03
-277.00E-03,+17.06E-03
-276.00E-03,+17.26E-03
-275.00E-03,+18.04E-03
-274.00E-03,+25.00E-03
-273.00E-03,+11.65E-03
-272.00E-03,+15.25E-03
-271.00E-03,+16.90E-03
-270.00E-03,+21.44E-03
-269.00E-03,+13.04E-03
-268.00E-03,+18.56E-03
-267.00E-03,+10.61E-03
-266.00E-03,+16.40E-03
-265.00E-03,+20.55E-03
-264.00E-03,+21.08E-03
-263.00E-03,+19.18E-03
-262.00E-03,+17.06E-03
-261.00E-03,+21.04E-03
-260.00E-03,+13.93E-03
-259.00E-03,+15.24E-03
-258.00E-03,+17.06E-03
-257.00E-03,+13.38E-03
-256.00E-03,+20.50E-03
-255.00E-03,+13.04E-03
-254.00E-03,+15.48E-03
-253.00E-03,+17.06E-03
-252.00E-03,+20.80E-03
-251.00E-03,+15.45E-03
-250.00E-03,+21.33E-03
-249.00E-03,+18.02E-03
-248.00E-03,+21.05E-03
-247.00E-03,+16.16E-03
-246.00E-03,+17.06E-03
-245.00E-03,+21.32E-03
-244.00E-03,+17.06E-03
-243.00E-03,+13.64E-03
-242.00E-03,+23.58E-03
-241.00E-03,+13.04E-03
-240.00E-03,+17.06E-03
-239.00E-03,+21.08E-03
-238.00E-03,+19.86E-03
-237.00E-03,+21.08E-03
-236.00E-03,+18.00E-03
-235.00E-03,+17.08E-03
-234.00E-03,+13.95E-03
-233.00E-03,+19.24E-03
-232.00E-03,+18.31E-03
-231.00E-03,+20.44E-03
-230.00E-03,+14.26E-03
-229.00E-03,+15.52E-03
-228.00E-03,+21.08E-03
-227.00E-03,+17.06E-03
-226.00E-03,+13.34E-03
-225.00E-03,+13.04E-03
-224.00E-03,+19.22E-03
-223.00E-03,+13.97E-03
-222.00E-03,+17.06E-03
-221.00E-03,+19.23E-03
-220.00E-03,+14.89E-03
-219.00E-03,+18.30E-03
